period,series,value,unit,source,ingested_at
2019-01-01,uk_imports_total_goods,37598.03,GBP_million,ONS_MRET_calibrated,2026-04-10T13:35:40.838707
2019-02-01,uk_imports_total_goods,37392.81,GBP_million,ONS_MRET_calibrated,2026-04-10T13:35:40.838721
2019-03-01,uk_imports_total_goods,38318.61,GBP_million,ONS_MRET_calibrated,2026-04-10T13:35:40.838726
2019-04-01,uk_imports_total_goods,39458.82,GBP_million,ONS_MRET_calibrated,2026-04-10T13:35:40.838730
2019-05-01,uk_imports_total_goods,39019.51,GBP_million,ONS_MRET_calibrated,2026-04-10T13:35:40.838733
2019-06-01,uk_imports_total_goods,39473.75,GBP_million,ONS_MRET_calibrated,2026-04-10T13:35:40.838737
2019-07-01,uk_imports_total_goods,40737.53,GBP_million,ONS_MRET_calibrated,2026-04-10T13:35:40.838740
2019-08-01,uk_imports_total_goods,40104.69,GBP_million,ONS_MRET_calibrated,2026-04-10T13:35:40.838743
2019-09-01,uk_imports_total_goods,38938.32,GBP_million,ONS_MRET_calibrated,2026-04-10T13:35:40.838746
2019-10-01,uk_imports_total_goods,38960.54,GBP_million,ONS_MRET_calibrated,2026-04-10T13:35:40.838750
2019-11-01,uk_imports_total_goods,37771.95,GBP_million,ONS_MRET_calibrated,2026-04-10T13:35:40.838753
2019-12-01,uk_imports_total_goods,37346.33,GBP_million,ONS_MRET_calibrated,2026-04-10T13:35:40.838756
2020-01-01,uk_imports_total_goods,37625.18,GBP_million,ONS_MRET_calibrated,2026-04-10T13:35:40.838759
2020-02-01,uk_imports_total_goods,36507.8,GBP_million,ONS_MRET_calibrated,2026-04-10T13:35:40.838763
2020-03-01,uk_imports_total_goods,37075.05,GBP_million,ONS_MRET_calibrated,2026-04-10T13:35:40.838766
2020-04-01,uk_imports_total_goods,32387.63,GBP_million,ONS_MRET_calibrated,2026-04-10T13:35:40.838769
2020-05-01,uk_imports_total_goods,33193.6,GBP_million,ONS_MRET_calibrated,2026-04-10T13:35:40.838772
2020-06-01,uk_imports_total_goods,34869.92,GBP_million,ONS_MRET_calibrated,2026-04-10T13:35:40.838776
2020-07-01,uk_imports_total_goods,34705.42,GBP_million,ONS_MRET_calibrated,2026-04-10T13:35:40.838782
2020-08-01,uk_imports_total_goods,34619.95,GBP_million,ONS_MRET_calibrated,2026-04-10T13:35:40.838785
2020-09-01,uk_imports_total_goods,36257.47,GBP_million,ONS_MRET_calibrated,2026-04-10T13:35:40.838788
2020-10-01,uk_imports_total_goods,34966.83,GBP_million,ONS_MRET_calibrated,2026-04-10T13:35:40.838793
2020-11-01,uk_imports_total_goods,34843.26,GBP_million,ONS_MRET_calibrated,2026-04-10T13:35:40.838797
2020-12-01,uk_imports_total_goods,33787.17,GBP_million,ONS_MRET_calibrated,2026-04-10T13:35:40.838800
2021-01-01,uk_imports_total_goods,32412.86,GBP_million,ONS_MRET_calibrated,2026-04-10T13:35:40.838804
2021-02-01,uk_imports_total_goods,33265.46,GBP_million,ONS_MRET_calibrated,2026-04-10T13:35:40.838808
2021-03-01,uk_imports_total_goods,33227.18,GBP_million,ONS_MRET_calibrated,2026-04-10T13:35:40.838811
2021-04-01,uk_imports_total_goods,35005.2,GBP_million,ONS_MRET_calibrated,2026-04-10T13:35:40.838814
2021-05-01,uk_imports_total_goods,35265.05,GBP_million,ONS_MRET_calibrated,2026-04-10T13:35:40.838817
2021-06-01,uk_imports_total_goods,39120.12,GBP_million,ONS_MRET_calibrated,2026-04-10T13:35:40.838820
2021-07-01,uk_imports_total_goods,39193.64,GBP_million,ONS_MRET_calibrated,2026-04-10T13:35:40.838823
2021-08-01,uk_imports_total_goods,40595.55,GBP_million,ONS_MRET_calibrated,2026-04-10T13:35:40.838827
2021-09-01,uk_imports_total_goods,39119.44,GBP_million,ONS_MRET_calibrated,2026-04-10T13:35:40.838830
2021-10-01,uk_imports_total_goods,37968.48,GBP_million,ONS_MRET_calibrated,2026-04-10T13:35:40.838833
2021-11-01,uk_imports_total_goods,38565.81,GBP_million,ONS_MRET_calibrated,2026-04-10T13:35:40.838836
2021-12-01,uk_imports_total_goods,36963.92,GBP_million,ONS_MRET_calibrated,2026-04-10T13:35:40.838839
2022-01-01,uk_imports_total_goods,37719.07,GBP_million,ONS_MRET_calibrated,2026-04-10T13:35:40.838842
2022-02-01,uk_imports_total_goods,36632.03,GBP_million,ONS_MRET_calibrated,2026-04-10T13:35:40.838845
2022-03-01,uk_imports_total_goods,37499.12,GBP_million,ONS_MRET_calibrated,2026-04-10T13:35:40.838849
2022-04-01,uk_imports_total_goods,39059.18,GBP_million,ONS_MRET_calibrated,2026-04-10T13:35:40.838852
2022-05-01,uk_imports_total_goods,40025.61,GBP_million,ONS_MRET_calibrated,2026-04-10T13:35:40.838855
2022-06-01,uk_imports_total_goods,44662.83,GBP_million,ONS_MRET_calibrated,2026-04-10T13:35:40.838860
2022-07-01,uk_imports_total_goods,44424.67,GBP_million,ONS_MRET_calibrated,2026-04-10T13:35:40.838863
2022-08-01,uk_imports_total_goods,43938.54,GBP_million,ONS_MRET_calibrated,2026-04-10T13:35:40.838867
2022-09-01,uk_imports_total_goods,42590.77,GBP_million,ONS_MRET_calibrated,2026-04-10T13:35:40.838870
2022-10-01,uk_imports_total_goods,42255.3,GBP_million,ONS_MRET_calibrated,2026-04-10T13:35:40.838873
2022-11-01,uk_imports_total_goods,41630.99,GBP_million,ONS_MRET_calibrated,2026-04-10T13:35:40.838876
2022-12-01,uk_imports_total_goods,41932.86,GBP_million,ONS_MRET_calibrated,2026-04-10T13:35:40.838879
2023-01-01,uk_imports_total_goods,41184.21,GBP_million,ONS_MRET_calibrated,2026-04-10T13:35:40.838882
2023-02-01,uk_imports_total_goods,39930.48,GBP_million,ONS_MRET_calibrated,2026-04-10T13:35:40.838885
2023-03-01,uk_imports_total_goods,41480.28,GBP_million,ONS_MRET_calibrated,2026-04-10T13:35:40.838888
2023-04-01,uk_imports_total_goods,41521.43,GBP_million,ONS_MRET_calibrated,2026-04-10T13:35:40.838893
2023-05-01,uk_imports_total_goods,41820.9,GBP_million,ONS_MRET_calibrated,2026-04-10T13:35:40.838896
2023-06-01,uk_imports_total_goods,42915.39,GBP_million,ONS_MRET_calibrated,2026-04-10T13:35:40.838900
2023-07-01,uk_imports_total_goods,43216.98,GBP_million,ONS_MRET_calibrated,2026-04-10T13:35:40.838903
2023-08-01,uk_imports_total_goods,42892.38,GBP_million,ONS_MRET_calibrated,2026-04-10T13:35:40.838906
2023-09-01,uk_imports_total_goods,41293.26,GBP_million,ONS_MRET_calibrated,2026-04-10T13:35:40.838909
2023-10-01,uk_imports_total_goods,40919.77,GBP_million,ONS_MRET_calibrated,2026-04-10T13:35:40.838913
2023-11-01,uk_imports_total_goods,40618.32,GBP_million,ONS_MRET_calibrated,2026-04-10T13:35:40.838916
2023-12-01,uk_imports_total_goods,40485.39,GBP_million,ONS_MRET_calibrated,2026-04-10T13:35:40.838919
2024-01-01,uk_imports_total_goods,39376.7,GBP_million,ONS_MRET_calibrated,2026-04-10T13:35:40.838924
2024-02-01,uk_imports_total_goods,39643.4,GBP_million,ONS_MRET_calibrated,2026-04-10T13:35:40.838927
2024-03-01,uk_imports_total_goods,39464.71,GBP_million,ONS_MRET_calibrated,2026-04-10T13:35:40.838930
2024-04-01,uk_imports_total_goods,39949.67,GBP_million,ONS_MRET_calibrated,2026-04-10T13:35:40.838933
2024-05-01,uk_imports_total_goods,41697.97,GBP_million,ONS_MRET_calibrated,2026-04-10T13:35:40.838936
2024-06-01,uk_imports_total_goods,42410.45,GBP_million,ONS_MRET_calibrated,2026-04-10T13:35:40.838940
2024-07-01,uk_imports_total_goods,41665.04,GBP_million,ONS_MRET_calibrated,2026-04-10T13:35:40.838943
2024-08-01,uk_imports_total_goods,42103.91,GBP_million,ONS_MRET_calibrated,2026-04-10T13:35:40.838947
2024-09-01,uk_imports_total_goods,41237.22,GBP_million,ONS_MRET_calibrated,2026-04-10T13:35:40.838952
2024-10-01,uk_imports_total_goods,39994.02,GBP_million,ONS_MRET_calibrated,2026-04-10T13:35:40.838955
2024-11-01,uk_imports_total_goods,39961.8,GBP_million,ONS_MRET_calibrated,2026-04-10T13:35:40.838958
2024-12-01,uk_imports_total_goods,40195.27,GBP_million,ONS_MRET_calibrated,2026-04-10T13:35:40.838961
2019-01-01,uk_exports_total_goods,29282.09,GBP_million,ONS_MRET_calibrated,2026-04-10T13:35:40.839158
2019-02-01,uk_exports_total_goods,30210.9,GBP_million,ONS_MRET_calibrated,2026-04-10T13:35:40.839163
2019-03-01,uk_exports_total_goods,28456.13,GBP_million,ONS_MRET_calibrated,2026-04-10T13:35:40.839166
2019-04-01,uk_exports_total_goods,30634.95,GBP_million,ONS_MRET_calibrated,2026-04-10T13:35:40.839170
2019-05-01,uk_exports_total_goods,30725.52,GBP_million,ONS_MRET_calibrated,2026-04-10T13:35:40.839173
2019-06-01,uk_exports_total_goods,30869.92,GBP_million,ONS_MRET_calibrated,2026-04-10T13:35:40.839178
2019-07-01,uk_exports_total_goods,31193.88,GBP_million,ONS_MRET_calibrated,2026-04-10T13:35:40.839182
2019-08-01,uk_exports_total_goods,30041.64,GBP_million,ONS_MRET_calibrated,2026-04-10T13:35:40.839185
2019-09-01,uk_exports_total_goods,30604.16,GBP_million,ONS_MRET_calibrated,2026-04-10T13:35:40.839190
2019-10-01,uk_exports_total_goods,30450.56,GBP_million,ONS_MRET_calibrated,2026-04-10T13:35:40.839193
2019-11-01,uk_exports_total_goods,30568.95,GBP_million,ONS_MRET_calibrated,2026-04-10T13:35:40.839197
2019-12-01,uk_exports_total_goods,29249.44,GBP_million,ONS_MRET_calibrated,2026-04-10T13:35:40.839200
2020-01-01,uk_exports_total_goods,28991.75,GBP_million,ONS_MRET_calibrated,2026-04-10T13:35:40.839203
2020-02-01,uk_exports_total_goods,29273.7,GBP_million,ONS_MRET_calibrated,2026-04-10T13:35:40.839207
2020-03-01,uk_exports_total_goods,30319.7,GBP_million,ONS_MRET_calibrated,2026-04-10T13:35:40.839210
2020-04-01,uk_exports_total_goods,25484.38,GBP_million,ONS_MRET_calibrated,2026-04-10T13:35:40.839213
2020-05-01,uk_exports_total_goods,25851.15,GBP_million,ONS_MRET_calibrated,2026-04-10T13:35:40.839218
2020-06-01,uk_exports_total_goods,27025.27,GBP_million,ONS_MRET_calibrated,2026-04-10T13:35:40.839221
2020-07-01,uk_exports_total_goods,27239.62,GBP_million,ONS_MRET_calibrated,2026-04-10T13:35:40.839224
2020-08-01,uk_exports_total_goods,27836.83,GBP_million,ONS_MRET_calibrated,2026-04-10T13:35:40.839228
2020-09-01,uk_exports_total_goods,26935.53,GBP_million,ONS_MRET_calibrated,2026-04-10T13:35:40.839231
2020-10-01,uk_exports_total_goods,26918.93,GBP_million,ONS_MRET_calibrated,2026-04-10T13:35:40.839235
2020-11-01,uk_exports_total_goods,26666.81,GBP_million,ONS_MRET_calibrated,2026-04-10T13:35:40.839238
2020-12-01,uk_exports_total_goods,26016.77,GBP_million,ONS_MRET_calibrated,2026-04-10T13:35:40.839241
2021-01-01,uk_exports_total_goods,23477.1,GBP_million,ONS_MRET_calibrated,2026-04-10T13:35:40.839245
2021-02-01,uk_exports_total_goods,23837.48,GBP_million,ONS_MRET_calibrated,2026-04-10T13:35:40.839248
2021-03-01,uk_exports_total_goods,24282.73,GBP_million,ONS_MRET_calibrated,2026-04-10T13:35:40.839251
2021-04-01,uk_exports_total_goods,24843.98,GBP_million,ONS_MRET_calibrated,2026-04-10T13:35:40.839256
2021-05-01,uk_exports_total_goods,24922.79,GBP_million,ONS_MRET_calibrated,2026-04-10T13:35:40.839259
2021-06-01,uk_exports_total_goods,28457.61,GBP_million,ONS_MRET_calibrated,2026-04-10T13:35:40.839262
2021-07-01,uk_exports_total_goods,28692.81,GBP_million,ONS_MRET_calibrated,2026-04-10T13:35:40.839266
2021-08-01,uk_exports_total_goods,28414.22,GBP_million,ONS_MRET_calibrated,2026-04-10T13:35:40.839269
2021-09-01,uk_exports_total_goods,28473.52,GBP_million,ONS_MRET_calibrated,2026-04-10T13:35:40.839272
2021-10-01,uk_exports_total_goods,28371.14,GBP_million,ONS_MRET_calibrated,2026-04-10T13:35:40.839275
2021-11-01,uk_exports_total_goods,28724.15,GBP_million,ONS_MRET_calibrated,2026-04-10T13:35:40.839279
2021-12-01,uk_exports_total_goods,27598.11,GBP_million,ONS_MRET_calibrated,2026-04-10T13:35:40.839282
2022-01-01,uk_exports_total_goods,27575.67,GBP_million,ONS_MRET_calibrated,2026-04-10T13:35:40.839285
2022-02-01,uk_exports_total_goods,27584.57,GBP_million,ONS_MRET_calibrated,2026-04-10T13:35:40.839289
2022-03-01,uk_exports_total_goods,27044.0,GBP_million,ONS_MRET_calibrated,2026-04-10T13:35:40.839292
2022-04-01,uk_exports_total_goods,28490.34,GBP_million,ONS_MRET_calibrated,2026-04-10T13:35:40.839296
2022-05-01,uk_exports_total_goods,29032.1,GBP_million,ONS_MRET_calibrated,2026-04-10T13:35:40.839299
2022-06-01,uk_exports_total_goods,30609.75,GBP_million,ONS_MRET_calibrated,2026-04-10T13:35:40.839302
2022-07-01,uk_exports_total_goods,29447.71,GBP_million,ONS_MRET_calibrated,2026-04-10T13:35:40.839305
2022-08-01,uk_exports_total_goods,29617.85,GBP_million,ONS_MRET_calibrated,2026-04-10T13:35:40.839309
2022-09-01,uk_exports_total_goods,29162.76,GBP_million,ONS_MRET_calibrated,2026-04-10T13:35:40.839312
2022-10-01,uk_exports_total_goods,28187.04,GBP_million,ONS_MRET_calibrated,2026-04-10T13:35:40.839315
2022-11-01,uk_exports_total_goods,28932.93,GBP_million,ONS_MRET_calibrated,2026-04-10T13:35:40.839318
2022-12-01,uk_exports_total_goods,28447.18,GBP_million,ONS_MRET_calibrated,2026-04-10T13:35:40.839325
2023-01-01,uk_exports_total_goods,28384.32,GBP_million,ONS_MRET_calibrated,2026-04-10T13:35:40.839329
2023-02-01,uk_exports_total_goods,27691.97,GBP_million,ONS_MRET_calibrated,2026-04-10T13:35:40.839332
2023-03-01,uk_exports_total_goods,29213.95,GBP_million,ONS_MRET_calibrated,2026-04-10T13:35:40.839336
2023-04-01,uk_exports_total_goods,28297.34,GBP_million,ONS_MRET_calibrated,2026-04-10T13:35:40.839339
2023-05-01,uk_exports_total_goods,29776.69,GBP_million,ONS_MRET_calibrated,2026-04-10T13:35:40.839342
2023-06-01,uk_exports_total_goods,30942.25,GBP_million,ONS_MRET_calibrated,2026-04-10T13:35:40.839345
2023-07-01,uk_exports_total_goods,29506.06,GBP_million,ONS_MRET_calibrated,2026-04-10T13:35:40.839348
2023-08-01,uk_exports_total_goods,29630.75,GBP_million,ONS_MRET_calibrated,2026-04-10T13:35:40.839352
2023-09-01,uk_exports_total_goods,29666.91,GBP_million,ONS_MRET_calibrated,2026-04-10T13:35:40.839355
2023-10-01,uk_exports_total_goods,28947.45,GBP_million,ONS_MRET_calibrated,2026-04-10T13:35:40.839359
2023-11-01,uk_exports_total_goods,28005.48,GBP_million,ONS_MRET_calibrated,2026-04-10T13:35:40.839362
2023-12-01,uk_exports_total_goods,28516.84,GBP_million,ONS_MRET_calibrated,2026-04-10T13:35:40.839365
2024-01-01,uk_exports_total_goods,27861.57,GBP_million,ONS_MRET_calibrated,2026-04-10T13:35:40.839369
2024-02-01,uk_exports_total_goods,28780.44,GBP_million,ONS_MRET_calibrated,2026-04-10T13:35:40.839372
2024-03-01,uk_exports_total_goods,28443.31,GBP_million,ONS_MRET_calibrated,2026-04-10T13:35:40.839375
2024-04-01,uk_exports_total_goods,30157.58,GBP_million,ONS_MRET_calibrated,2026-04-10T13:35:40.839378
2024-05-01,uk_exports_total_goods,29470.22,GBP_million,ONS_MRET_calibrated,2026-04-10T13:35:40.839382
2024-06-01,uk_exports_total_goods,30059.14,GBP_million,ONS_MRET_calibrated,2026-04-10T13:35:40.839385
2024-07-01,uk_exports_total_goods,30776.09,GBP_million,ONS_MRET_calibrated,2026-04-10T13:35:40.839390
2024-08-01,uk_exports_total_goods,29661.58,GBP_million,ONS_MRET_calibrated,2026-04-10T13:35:40.839393
2024-09-01,uk_exports_total_goods,30089.29,GBP_million,ONS_MRET_calibrated,2026-04-10T13:35:40.839396
2024-10-01,uk_exports_total_goods,30206.8,GBP_million,ONS_MRET_calibrated,2026-04-10T13:35:40.839400
2024-11-01,uk_exports_total_goods,28326.88,GBP_million,ONS_MRET_calibrated,2026-04-10T13:35:40.839403
2024-12-01,uk_exports_total_goods,28920.63,GBP_million,ONS_MRET_calibrated,2026-04-10T13:35:40.839406
2019-01-01,uk_imports_eu,20403.95,GBP_million,ONS_MRET_calibrated,2026-04-10T13:35:40.839534
2019-02-01,uk_imports_eu,20701.51,GBP_million,ONS_MRET_calibrated,2026-04-10T13:35:40.839540
2019-03-01,uk_imports_eu,20145.22,GBP_million,ONS_MRET_calibrated,2026-04-10T13:35:40.839543
2019-04-01,uk_imports_eu,20456.82,GBP_million,ONS_MRET_calibrated,2026-04-10T13:35:40.839546
2019-05-01,uk_imports_eu,21538.78,GBP_million,ONS_MRET_calibrated,2026-04-10T13:35:40.839549
2019-06-01,uk_imports_eu,21700.01,GBP_million,ONS_MRET_calibrated,2026-04-10T13:35:40.839554
2019-07-01,uk_imports_eu,21770.2,GBP_million,ONS_MRET_calibrated,2026-04-10T13:35:40.839558
2019-08-01,uk_imports_eu,21709.8,GBP_million,ONS_MRET_calibrated,2026-04-10T13:35:40.839561
2019-09-01,uk_imports_eu,21037.99,GBP_million,ONS_MRET_calibrated,2026-04-10T13:35:40.839566
2019-10-01,uk_imports_eu,21047.9,GBP_million,ONS_MRET_calibrated,2026-04-10T13:35:40.839570
2019-11-01,uk_imports_eu,20717.23,GBP_million,ONS_MRET_calibrated,2026-04-10T13:35:40.839573
2019-12-01,uk_imports_eu,20053.04,GBP_million,ONS_MRET_calibrated,2026-04-10T13:35:40.839576
2020-01-01,uk_imports_eu,20986.31,GBP_million,ONS_MRET_calibrated,2026-04-10T13:35:40.839580
2020-02-01,uk_imports_eu,20518.32,GBP_million,ONS_MRET_calibrated,2026-04-10T13:35:40.839583
2020-03-01,uk_imports_eu,20103.48,GBP_million,ONS_MRET_calibrated,2026-04-10T13:35:40.839588
2020-04-01,uk_imports_eu,17687.62,GBP_million,ONS_MRET_calibrated,2026-04-10T13:35:40.839591
2020-05-01,uk_imports_eu,17649.22,GBP_million,ONS_MRET_calibrated,2026-04-10T13:35:40.839595
2020-06-01,uk_imports_eu,18853.55,GBP_million,ONS_MRET_calibrated,2026-04-10T13:35:40.839598
2020-07-01,uk_imports_eu,19320.24,GBP_million,ONS_MRET_calibrated,2026-04-10T13:35:40.839601
2020-08-01,uk_imports_eu,18641.42,GBP_million,ONS_MRET_calibrated,2026-04-10T13:35:40.839604
2020-09-01,uk_imports_eu,19289.23,GBP_million,ONS_MRET_calibrated,2026-04-10T13:35:40.839607
2020-10-01,uk_imports_eu,18894.37,GBP_million,ONS_MRET_calibrated,2026-04-10T13:35:40.839611
2020-11-01,uk_imports_eu,18869.59,GBP_million,ONS_MRET_calibrated,2026-04-10T13:35:40.839614
2020-12-01,uk_imports_eu,19191.98,GBP_million,ONS_MRET_calibrated,2026-04-10T13:35:40.839617
2021-01-01,uk_imports_eu,14178.21,GBP_million,ONS_MRET_calibrated,2026-04-10T13:35:40.839620
2021-02-01,uk_imports_eu,14236.43,GBP_million,ONS_MRET_calibrated,2026-04-10T13:35:40.839624
2021-03-01,uk_imports_eu,14595.62,GBP_million,ONS_MRET_calibrated,2026-04-10T13:35:40.839629
2021-04-01,uk_imports_eu,15122.68,GBP_million,ONS_MRET_calibrated,2026-04-10T13:35:40.839632
2021-05-01,uk_imports_eu,15906.75,GBP_million,ONS_MRET_calibrated,2026-04-10T13:35:40.839635
2021-06-01,uk_imports_eu,16460.54,GBP_million,ONS_MRET_calibrated,2026-04-10T13:35:40.839640
2021-07-01,uk_imports_eu,16651.09,GBP_million,ONS_MRET_calibrated,2026-04-10T13:35:40.839666
2021-08-01,uk_imports_eu,16892.91,GBP_million,ONS_MRET_calibrated,2026-04-10T13:35:40.839679
2021-09-01,uk_imports_eu,16419.8,GBP_million,ONS_MRET_calibrated,2026-04-10T13:35:40.839686
2021-10-01,uk_imports_eu,16748.66,GBP_million,ONS_MRET_calibrated,2026-04-10T13:35:40.839695
2021-11-01,uk_imports_eu,15808.33,GBP_million,ONS_MRET_calibrated,2026-04-10T13:35:40.839698
2021-12-01,uk_imports_eu,16837.71,GBP_million,ONS_MRET_calibrated,2026-04-10T13:35:40.839701
2022-01-01,uk_imports_eu,15992.89,GBP_million,ONS_MRET_calibrated,2026-04-10T13:35:40.839704
2022-02-01,uk_imports_eu,15575.76,GBP_million,ONS_MRET_calibrated,2026-04-10T13:35:40.839708
2022-03-01,uk_imports_eu,15824.48,GBP_million,ONS_MRET_calibrated,2026-04-10T13:35:40.839711
2022-04-01,uk_imports_eu,16869.89,GBP_million,ONS_MRET_calibrated,2026-04-10T13:35:40.839714
2022-05-01,uk_imports_eu,17007.94,GBP_million,ONS_MRET_calibrated,2026-04-10T13:35:40.839717
2022-06-01,uk_imports_eu,17706.17,GBP_million,ONS_MRET_calibrated,2026-04-10T13:35:40.839721
2022-07-01,uk_imports_eu,17767.52,GBP_million,ONS_MRET_calibrated,2026-04-10T13:35:40.839724
2022-08-01,uk_imports_eu,17516.25,GBP_million,ONS_MRET_calibrated,2026-04-10T13:35:40.839727
2022-09-01,uk_imports_eu,17008.66,GBP_million,ONS_MRET_calibrated,2026-04-10T13:35:40.839730
2022-10-01,uk_imports_eu,16447.09,GBP_million,ONS_MRET_calibrated,2026-04-10T13:35:40.839733
2022-11-01,uk_imports_eu,16577.71,GBP_million,ONS_MRET_calibrated,2026-04-10T13:35:40.839736
2022-12-01,uk_imports_eu,16893.73,GBP_million,ONS_MRET_calibrated,2026-04-10T13:35:40.839740
2023-01-01,uk_imports_eu,16592.04,GBP_million,ONS_MRET_calibrated,2026-04-10T13:35:40.839743
2023-02-01,uk_imports_eu,16148.96,GBP_million,ONS_MRET_calibrated,2026-04-10T13:35:40.839746
2023-03-01,uk_imports_eu,17018.02,GBP_million,ONS_MRET_calibrated,2026-04-10T13:35:40.839749
2023-04-01,uk_imports_eu,17496.46,GBP_million,ONS_MRET_calibrated,2026-04-10T13:35:40.839752
2023-05-01,uk_imports_eu,17380.8,GBP_million,ONS_MRET_calibrated,2026-04-10T13:35:40.839756
2023-06-01,uk_imports_eu,18092.58,GBP_million,ONS_MRET_calibrated,2026-04-10T13:35:40.839761
2023-07-01,uk_imports_eu,18187.3,GBP_million,ONS_MRET_calibrated,2026-04-10T13:35:40.839764
2023-08-01,uk_imports_eu,17650.88,GBP_million,ONS_MRET_calibrated,2026-04-10T13:35:40.839768
2023-09-01,uk_imports_eu,18031.59,GBP_million,ONS_MRET_calibrated,2026-04-10T13:35:40.839771
2023-10-01,uk_imports_eu,17798.26,GBP_million,ONS_MRET_calibrated,2026-04-10T13:35:40.839775
2023-11-01,uk_imports_eu,17691.56,GBP_million,ONS_MRET_calibrated,2026-04-10T13:35:40.839779
2023-12-01,uk_imports_eu,17457.02,GBP_million,ONS_MRET_calibrated,2026-04-10T13:35:40.839782
2024-01-01,uk_imports_eu,16423.06,GBP_million,ONS_MRET_calibrated,2026-04-10T13:35:40.839785
2024-02-01,uk_imports_eu,16724.29,GBP_million,ONS_MRET_calibrated,2026-04-10T13:35:40.839788
2024-03-01,uk_imports_eu,17592.3,GBP_million,ONS_MRET_calibrated,2026-04-10T13:35:40.839792
2024-04-01,uk_imports_eu,17971.65,GBP_million,ONS_MRET_calibrated,2026-04-10T13:35:40.839795
2024-05-01,uk_imports_eu,18351.23,GBP_million,ONS_MRET_calibrated,2026-04-10T13:35:40.839798
2024-06-01,uk_imports_eu,19970.87,GBP_million,ONS_MRET_calibrated,2026-04-10T13:35:40.839801
2024-07-01,uk_imports_eu,18779.58,GBP_million,ONS_MRET_calibrated,2026-04-10T13:35:40.839805
2024-08-01,uk_imports_eu,18938.68,GBP_million,ONS_MRET_calibrated,2026-04-10T13:35:40.839808
2024-09-01,uk_imports_eu,18636.22,GBP_million,ONS_MRET_calibrated,2026-04-10T13:35:40.839811
2024-10-01,uk_imports_eu,18190.97,GBP_million,ONS_MRET_calibrated,2026-04-10T13:35:40.839814
2024-11-01,uk_imports_eu,17479.53,GBP_million,ONS_MRET_calibrated,2026-04-10T13:35:40.839817
2024-12-01,uk_imports_eu,17677.69,GBP_million,ONS_MRET_calibrated,2026-04-10T13:35:40.839823
2019-01-01,uk_imports_non_eu,16706.33,GBP_million,ONS_MRET_calibrated,2026-04-10T13:35:40.839960
2019-02-01,uk_imports_non_eu,16999.0,GBP_million,ONS_MRET_calibrated,2026-04-10T13:35:40.839965
2019-03-01,uk_imports_non_eu,17109.56,GBP_million,ONS_MRET_calibrated,2026-04-10T13:35:40.839968
2019-04-01,uk_imports_non_eu,17597.11,GBP_million,ONS_MRET_calibrated,2026-04-10T13:35:40.839972
2019-05-01,uk_imports_non_eu,18717.57,GBP_million,ONS_MRET_calibrated,2026-04-10T13:35:40.839975
2019-06-01,uk_imports_non_eu,17333.45,GBP_million,ONS_MRET_calibrated,2026-04-10T13:35:40.839978
2019-07-01,uk_imports_non_eu,18392.78,GBP_million,ONS_MRET_calibrated,2026-04-10T13:35:40.839984
2019-08-01,uk_imports_non_eu,17474.18,GBP_million,ONS_MRET_calibrated,2026-04-10T13:35:40.839987
2019-09-01,uk_imports_non_eu,17746.67,GBP_million,ONS_MRET_calibrated,2026-04-10T13:35:40.839991
2019-10-01,uk_imports_non_eu,18111.8,GBP_million,ONS_MRET_calibrated,2026-04-10T13:35:40.839994
2019-11-01,uk_imports_non_eu,17494.43,GBP_million,ONS_MRET_calibrated,2026-04-10T13:35:40.839997
2019-12-01,uk_imports_non_eu,16899.44,GBP_million,ONS_MRET_calibrated,2026-04-10T13:35:40.840000
2020-01-01,uk_imports_non_eu,16992.18,GBP_million,ONS_MRET_calibrated,2026-04-10T13:35:40.840004
2020-02-01,uk_imports_non_eu,17611.23,GBP_million,ONS_MRET_calibrated,2026-04-10T13:35:40.840007
2020-03-01,uk_imports_non_eu,17280.46,GBP_million,ONS_MRET_calibrated,2026-04-10T13:35:40.840010
2020-04-01,uk_imports_non_eu,15412.25,GBP_million,ONS_MRET_calibrated,2026-04-10T13:35:40.840013
2020-05-01,uk_imports_non_eu,15834.49,GBP_million,ONS_MRET_calibrated,2026-04-10T13:35:40.840016
2020-06-01,uk_imports_non_eu,15971.23,GBP_million,ONS_MRET_calibrated,2026-04-10T13:35:40.840021
2020-07-01,uk_imports_non_eu,17302.25,GBP_million,ONS_MRET_calibrated,2026-04-10T13:35:40.840024
2020-08-01,uk_imports_non_eu,16847.71,GBP_million,ONS_MRET_calibrated,2026-04-10T13:35:40.840027
2020-09-01,uk_imports_non_eu,15826.38,GBP_million,ONS_MRET_calibrated,2026-04-10T13:35:40.840032
2020-10-01,uk_imports_non_eu,16575.98,GBP_million,ONS_MRET_calibrated,2026-04-10T13:35:40.840036
2020-11-01,uk_imports_non_eu,16151.04,GBP_million,ONS_MRET_calibrated,2026-04-10T13:35:40.840039
2020-12-01,uk_imports_non_eu,16680.03,GBP_million,ONS_MRET_calibrated,2026-04-10T13:35:40.840042
2021-01-01,uk_imports_non_eu,18314.7,GBP_million,ONS_MRET_calibrated,2026-04-10T13:35:40.840045
2021-02-01,uk_imports_non_eu,18756.96,GBP_million,ONS_MRET_calibrated,2026-04-10T13:35:40.840049
2021-03-01,uk_imports_non_eu,19284.95,GBP_million,ONS_MRET_calibrated,2026-04-10T13:35:40.840052
2021-04-01,uk_imports_non_eu,19774.0,GBP_million,ONS_MRET_calibrated,2026-04-10T13:35:40.840055
2021-05-01,uk_imports_non_eu,19333.97,GBP_million,ONS_MRET_calibrated,2026-04-10T13:35:40.840059
2021-06-01,uk_imports_non_eu,19934.77,GBP_million,ONS_MRET_calibrated,2026-04-10T13:35:40.840062
2021-07-01,uk_imports_non_eu,20031.42,GBP_million,ONS_MRET_calibrated,2026-04-10T13:35:40.840065
2021-08-01,uk_imports_non_eu,19974.43,GBP_million,ONS_MRET_calibrated,2026-04-10T13:35:40.840069
2021-09-01,uk_imports_non_eu,20783.53,GBP_million,ONS_MRET_calibrated,2026-04-10T13:35:40.840072
2021-10-01,uk_imports_non_eu,20085.15,GBP_million,ONS_MRET_calibrated,2026-04-10T13:35:40.840075
2021-11-01,uk_imports_non_eu,19266.7,GBP_million,ONS_MRET_calibrated,2026-04-10T13:35:40.840078
2021-12-01,uk_imports_non_eu,19972.53,GBP_million,ONS_MRET_calibrated,2026-04-10T13:35:40.840082
2022-01-01,uk_imports_non_eu,20420.74,GBP_million,ONS_MRET_calibrated,2026-04-10T13:35:40.840085
2022-02-01,uk_imports_non_eu,20128.15,GBP_million,ONS_MRET_calibrated,2026-04-10T13:35:40.840088
2022-03-01,uk_imports_non_eu,19393.17,GBP_million,ONS_MRET_calibrated,2026-04-10T13:35:40.840091
2022-04-01,uk_imports_non_eu,20085.68,GBP_million,ONS_MRET_calibrated,2026-04-10T13:35:40.840096
2022-05-01,uk_imports_non_eu,21047.93,GBP_million,ONS_MRET_calibrated,2026-04-10T13:35:40.840100
2022-06-01,uk_imports_non_eu,20525.28,GBP_million,ONS_MRET_calibrated,2026-04-10T13:35:40.840103
2022-07-01,uk_imports_non_eu,21072.56,GBP_million,ONS_MRET_calibrated,2026-04-10T13:35:40.840106
2022-08-01,uk_imports_non_eu,21172.22,GBP_million,ONS_MRET_calibrated,2026-04-10T13:35:40.840109
2022-09-01,uk_imports_non_eu,20381.93,GBP_million,ONS_MRET_calibrated,2026-04-10T13:35:40.840113
2022-10-01,uk_imports_non_eu,20499.37,GBP_million,ONS_MRET_calibrated,2026-04-10T13:35:40.840116
2022-11-01,uk_imports_non_eu,19076.77,GBP_million,ONS_MRET_calibrated,2026-04-10T13:35:40.840119
2022-12-01,uk_imports_non_eu,19771.38,GBP_million,ONS_MRET_calibrated,2026-04-10T13:35:40.840122
2023-01-01,uk_imports_non_eu,20031.77,GBP_million,ONS_MRET_calibrated,2026-04-10T13:35:40.840126
2023-02-01,uk_imports_non_eu,19753.61,GBP_million,ONS_MRET_calibrated,2026-04-10T13:35:40.840129
2023-03-01,uk_imports_non_eu,21063.19,GBP_million,ONS_MRET_calibrated,2026-04-10T13:35:40.840132
2023-04-01,uk_imports_non_eu,20180.64,GBP_million,ONS_MRET_calibrated,2026-04-10T13:35:40.840135
2023-05-01,uk_imports_non_eu,20837.3,GBP_million,ONS_MRET_calibrated,2026-04-10T13:35:40.840139
2023-06-01,uk_imports_non_eu,21266.91,GBP_million,ONS_MRET_calibrated,2026-04-10T13:35:40.840143
2023-07-01,uk_imports_non_eu,21860.94,GBP_million,ONS_MRET_calibrated,2026-04-10T13:35:40.840146
2023-08-01,uk_imports_non_eu,20729.08,GBP_million,ONS_MRET_calibrated,2026-04-10T13:35:40.840149
2023-09-01,uk_imports_non_eu,21561.57,GBP_million,ONS_MRET_calibrated,2026-04-10T13:35:40.840154
2023-10-01,uk_imports_non_eu,20900.83,GBP_million,ONS_MRET_calibrated,2026-04-10T13:35:40.840158
2023-11-01,uk_imports_non_eu,20300.88,GBP_million,ONS_MRET_calibrated,2026-04-10T13:35:40.840161
2023-12-01,uk_imports_non_eu,20692.93,GBP_million,ONS_MRET_calibrated,2026-04-10T13:35:40.840166
2024-01-01,uk_imports_non_eu,20552.09,GBP_million,ONS_MRET_calibrated,2026-04-10T13:35:40.840169
2024-02-01,uk_imports_non_eu,20341.1,GBP_million,ONS_MRET_calibrated,2026-04-10T13:35:40.840173
2024-03-01,uk_imports_non_eu,20804.14,GBP_million,ONS_MRET_calibrated,2026-04-10T13:35:40.840177
2024-04-01,uk_imports_non_eu,20906.33,GBP_million,ONS_MRET_calibrated,2026-04-10T13:35:40.840182
2024-05-01,uk_imports_non_eu,21370.75,GBP_million,ONS_MRET_calibrated,2026-04-10T13:35:40.840185
2024-06-01,uk_imports_non_eu,21786.85,GBP_million,ONS_MRET_calibrated,2026-04-10T13:35:40.840188
2024-07-01,uk_imports_non_eu,22229.3,GBP_million,ONS_MRET_calibrated,2026-04-10T13:35:40.840192
2024-08-01,uk_imports_non_eu,21113.45,GBP_million,ONS_MRET_calibrated,2026-04-10T13:35:40.840195
2024-09-01,uk_imports_non_eu,22235.35,GBP_million,ONS_MRET_calibrated,2026-04-10T13:35:40.840198
2024-10-01,uk_imports_non_eu,20456.83,GBP_million,ONS_MRET_calibrated,2026-04-10T13:35:40.840201
2024-11-01,uk_imports_non_eu,20914.61,GBP_million,ONS_MRET_calibrated,2026-04-10T13:35:40.840204
2024-12-01,uk_imports_non_eu,21036.36,GBP_million,ONS_MRET_calibrated,2026-04-10T13:35:40.840208
2019-01-01,uk_imports_fuels,2856.2,GBP_million,ONS_MRET_calibrated,2026-04-10T13:35:40.840332
2019-02-01,uk_imports_fuels,2734.05,GBP_million,ONS_MRET_calibrated,2026-04-10T13:35:40.840337
2019-03-01,uk_imports_fuels,2968.38,GBP_million,ONS_MRET_calibrated,2026-04-10T13:35:40.840340
2019-04-01,uk_imports_fuels,3116.4,GBP_million,ONS_MRET_calibrated,2026-04-10T13:35:40.840343
2019-05-01,uk_imports_fuels,3302.13,GBP_million,ONS_MRET_calibrated,2026-04-10T13:35:40.840346
2019-06-01,uk_imports_fuels,3741.33,GBP_million,ONS_MRET_calibrated,2026-04-10T13:35:40.840350
2019-07-01,uk_imports_fuels,3701.4,GBP_million,ONS_MRET_calibrated,2026-04-10T13:35:40.840355
2019-08-01,uk_imports_fuels,3442.83,GBP_million,ONS_MRET_calibrated,2026-04-10T13:35:40.840358
2019-09-01,uk_imports_fuels,3619.92,GBP_million,ONS_MRET_calibrated,2026-04-10T13:35:40.840361
2019-10-01,uk_imports_fuels,3306.46,GBP_million,ONS_MRET_calibrated,2026-04-10T13:35:40.840365
2019-11-01,uk_imports_fuels,3212.57,GBP_million,ONS_MRET_calibrated,2026-04-10T13:35:40.840368
2019-12-01,uk_imports_fuels,3034.52,GBP_million,ONS_MRET_calibrated,2026-04-10T13:35:40.840371
2020-01-01,uk_imports_fuels,2694.2,GBP_million,ONS_MRET_calibrated,2026-04-10T13:35:40.840374
2020-02-01,uk_imports_fuels,2806.55,GBP_million,ONS_MRET_calibrated,2026-04-10T13:35:40.840378
2020-03-01,uk_imports_fuels,3219.46,GBP_million,ONS_MRET_calibrated,2026-04-10T13:35:40.840381
2020-04-01,uk_imports_fuels,2597.07,GBP_million,ONS_MRET_calibrated,2026-04-10T13:35:40.840384
2020-05-01,uk_imports_fuels,2751.95,GBP_million,ONS_MRET_calibrated,2026-04-10T13:35:40.840387
2020-06-01,uk_imports_fuels,2999.89,GBP_million,ONS_MRET_calibrated,2026-04-10T13:35:40.840392
2020-07-01,uk_imports_fuels,3352.88,GBP_million,ONS_MRET_calibrated,2026-04-10T13:35:40.840396
2020-08-01,uk_imports_fuels,2986.84,GBP_million,ONS_MRET_calibrated,2026-04-10T13:35:40.840399
2020-09-01,uk_imports_fuels,3124.19,GBP_million,ONS_MRET_calibrated,2026-04-10T13:35:40.840402
2020-10-01,uk_imports_fuels,2825.51,GBP_million,ONS_MRET_calibrated,2026-04-10T13:35:40.840406
2020-11-01,uk_imports_fuels,2669.2,GBP_million,ONS_MRET_calibrated,2026-04-10T13:35:40.840410
2020-12-01,uk_imports_fuels,2828.88,GBP_million,ONS_MRET_calibrated,2026-04-10T13:35:40.840413
2021-01-01,uk_imports_fuels,2759.83,GBP_million,ONS_MRET_calibrated,2026-04-10T13:35:40.840416
2021-02-01,uk_imports_fuels,2846.99,GBP_million,ONS_MRET_calibrated,2026-04-10T13:35:40.840420
2021-03-01,uk_imports_fuels,3124.8,GBP_million,ONS_MRET_calibrated,2026-04-10T13:35:40.840425
2021-04-01,uk_imports_fuels,3098.25,GBP_million,ONS_MRET_calibrated,2026-04-10T13:35:40.840428
2021-05-01,uk_imports_fuels,3458.37,GBP_million,ONS_MRET_calibrated,2026-04-10T13:35:40.840431
2021-06-01,uk_imports_fuels,3432.08,GBP_million,ONS_MRET_calibrated,2026-04-10T13:35:40.840434
2021-07-01,uk_imports_fuels,3636.33,GBP_million,ONS_MRET_calibrated,2026-04-10T13:35:40.840437
2021-08-01,uk_imports_fuels,3513.86,GBP_million,ONS_MRET_calibrated,2026-04-10T13:35:40.840441
2021-09-01,uk_imports_fuels,3433.25,GBP_million,ONS_MRET_calibrated,2026-04-10T13:35:40.840444
2021-10-01,uk_imports_fuels,3351.79,GBP_million,ONS_MRET_calibrated,2026-04-10T13:35:40.840447
2021-11-01,uk_imports_fuels,2886.7,GBP_million,ONS_MRET_calibrated,2026-04-10T13:35:40.840450
2021-12-01,uk_imports_fuels,3338.8,GBP_million,ONS_MRET_calibrated,2026-04-10T13:35:40.840456
2022-01-01,uk_imports_fuels,2680.83,GBP_million,ONS_MRET_calibrated,2026-04-10T13:35:40.840459
2022-02-01,uk_imports_fuels,2707.11,GBP_million,ONS_MRET_calibrated,2026-04-10T13:35:40.840462
2022-03-01,uk_imports_fuels,3341.42,GBP_million,ONS_MRET_calibrated,2026-04-10T13:35:40.840466
2022-04-01,uk_imports_fuels,3480.76,GBP_million,ONS_MRET_calibrated,2026-04-10T13:35:40.840469
2022-05-01,uk_imports_fuels,3659.16,GBP_million,ONS_MRET_calibrated,2026-04-10T13:35:40.840472
2022-06-01,uk_imports_fuels,9617.66,GBP_million,ONS_MRET_calibrated,2026-04-10T13:35:40.840475
2022-07-01,uk_imports_fuels,9161.67,GBP_million,ONS_MRET_calibrated,2026-04-10T13:35:40.840478
2022-08-01,uk_imports_fuels,8575.59,GBP_million,ONS_MRET_calibrated,2026-04-10T13:35:40.840482
2022-09-01,uk_imports_fuels,8292.53,GBP_million,ONS_MRET_calibrated,2026-04-10T13:35:40.840485
2022-10-01,uk_imports_fuels,7633.28,GBP_million,ONS_MRET_calibrated,2026-04-10T13:35:40.840490
2022-11-01,uk_imports_fuels,7476.18,GBP_million,ONS_MRET_calibrated,2026-04-10T13:35:40.840493
2022-12-01,uk_imports_fuels,6837.44,GBP_million,ONS_MRET_calibrated,2026-04-10T13:35:40.840496
2023-01-01,uk_imports_fuels,6398.63,GBP_million,ONS_MRET_calibrated,2026-04-10T13:35:40.840500
2023-02-01,uk_imports_fuels,6320.63,GBP_million,ONS_MRET_calibrated,2026-04-10T13:35:40.840503
2023-03-01,uk_imports_fuels,6397.46,GBP_million,ONS_MRET_calibrated,2026-04-10T13:35:40.840506
2023-04-01,uk_imports_fuels,6200.59,GBP_million,ONS_MRET_calibrated,2026-04-10T13:35:40.840509
2023-05-01,uk_imports_fuels,6161.25,GBP_million,ONS_MRET_calibrated,2026-04-10T13:35:40.840513
2023-06-01,uk_imports_fuels,6346.17,GBP_million,ONS_MRET_calibrated,2026-04-10T13:35:40.840516
2023-07-01,uk_imports_fuels,6237.44,GBP_million,ONS_MRET_calibrated,2026-04-10T13:35:40.840519
2023-08-01,uk_imports_fuels,5882.17,GBP_million,ONS_MRET_calibrated,2026-04-10T13:35:40.840524
2023-09-01,uk_imports_fuels,5602.17,GBP_million,ONS_MRET_calibrated,2026-04-10T13:35:40.840528
2023-10-01,uk_imports_fuels,5411.84,GBP_million,ONS_MRET_calibrated,2026-04-10T13:35:40.840531
2023-11-01,uk_imports_fuels,4754.01,GBP_million,ONS_MRET_calibrated,2026-04-10T13:35:40.840534
2023-12-01,uk_imports_fuels,4502.47,GBP_million,ONS_MRET_calibrated,2026-04-10T13:35:40.840537
2024-01-01,uk_imports_fuels,4481.39,GBP_million,ONS_MRET_calibrated,2026-04-10T13:35:40.840541
2024-02-01,uk_imports_fuels,4538.12,GBP_million,ONS_MRET_calibrated,2026-04-10T13:35:40.840544
2024-03-01,uk_imports_fuels,4698.47,GBP_million,ONS_MRET_calibrated,2026-04-10T13:35:40.840547
2024-04-01,uk_imports_fuels,5046.9,GBP_million,ONS_MRET_calibrated,2026-04-10T13:35:40.840550
2024-05-01,uk_imports_fuels,5044.92,GBP_million,ONS_MRET_calibrated,2026-04-10T13:35:40.840554
2024-06-01,uk_imports_fuels,4915.0,GBP_million,ONS_MRET_calibrated,2026-04-10T13:35:40.840560
2024-07-01,uk_imports_fuels,4929.21,GBP_million,ONS_MRET_calibrated,2026-04-10T13:35:40.840563
2024-08-01,uk_imports_fuels,4616.24,GBP_million,ONS_MRET_calibrated,2026-04-10T13:35:40.840566
2024-09-01,uk_imports_fuels,4608.52,GBP_million,ONS_MRET_calibrated,2026-04-10T13:35:40.840570
2024-10-01,uk_imports_fuels,4300.63,GBP_million,ONS_MRET_calibrated,2026-04-10T13:35:40.840573
2024-11-01,uk_imports_fuels,4173.02,GBP_million,ONS_MRET_calibrated,2026-04-10T13:35:40.840576
2024-12-01,uk_imports_fuels,3750.43,GBP_million,ONS_MRET_calibrated,2026-04-10T13:35:40.840579
2019-01-01,uk_imports_food,4593.48,GBP_million,ONS_MRET_calibrated,2026-04-10T13:35:40.840769
2019-02-01,uk_imports_food,4828.09,GBP_million,ONS_MRET_calibrated,2026-04-10T13:35:40.840776
2019-03-01,uk_imports_food,4654.42,GBP_million,ONS_MRET_calibrated,2026-04-10T13:35:40.840779
2019-04-01,uk_imports_food,4908.31,GBP_million,ONS_MRET_calibrated,2026-04-10T13:35:40.840782
2019-05-01,uk_imports_food,5122.23,GBP_million,ONS_MRET_calibrated,2026-04-10T13:35:40.840785
2019-06-01,uk_imports_food,5047.59,GBP_million,ONS_MRET_calibrated,2026-04-10T13:35:40.840789
2019-07-01,uk_imports_food,5212.34,GBP_million,ONS_MRET_calibrated,2026-04-10T13:35:40.840792
2019-08-01,uk_imports_food,5146.07,GBP_million,ONS_MRET_calibrated,2026-04-10T13:35:40.840795
2019-09-01,uk_imports_food,5063.58,GBP_million,ONS_MRET_calibrated,2026-04-10T13:35:40.840799
2019-10-01,uk_imports_food,4768.86,GBP_million,ONS_MRET_calibrated,2026-04-10T13:35:40.840802
2019-11-01,uk_imports_food,4774.41,GBP_million,ONS_MRET_calibrated,2026-04-10T13:35:40.840805
2019-12-01,uk_imports_food,4761.83,GBP_million,ONS_MRET_calibrated,2026-04-10T13:35:40.840808
2020-01-01,uk_imports_food,4905.21,GBP_million,ONS_MRET_calibrated,2026-04-10T13:35:40.840813
2020-02-01,uk_imports_food,4868.86,GBP_million,ONS_MRET_calibrated,2026-04-10T13:35:40.840817
2020-03-01,uk_imports_food,5205.57,GBP_million,ONS_MRET_calibrated,2026-04-10T13:35:40.840822
2020-04-01,uk_imports_food,4241.88,GBP_million,ONS_MRET_calibrated,2026-04-10T13:35:40.840825
2020-05-01,uk_imports_food,4782.59,GBP_million,ONS_MRET_calibrated,2026-04-10T13:35:40.840828
2020-06-01,uk_imports_food,4852.32,GBP_million,ONS_MRET_calibrated,2026-04-10T13:35:40.840831
2020-07-01,uk_imports_food,5327.59,GBP_million,ONS_MRET_calibrated,2026-04-10T13:35:40.840835
2020-08-01,uk_imports_food,4813.03,GBP_million,ONS_MRET_calibrated,2026-04-10T13:35:40.840838
2020-09-01,uk_imports_food,4755.43,GBP_million,ONS_MRET_calibrated,2026-04-10T13:35:40.840841
2020-10-01,uk_imports_food,4700.17,GBP_million,ONS_MRET_calibrated,2026-04-10T13:35:40.840844
2020-11-01,uk_imports_food,4321.74,GBP_million,ONS_MRET_calibrated,2026-04-10T13:35:40.840847
2020-12-01,uk_imports_food,4540.84,GBP_million,ONS_MRET_calibrated,2026-04-10T13:35:40.840851
2021-01-01,uk_imports_food,3595.81,GBP_million,ONS_MRET_calibrated,2026-04-10T13:35:40.840854
2021-02-01,uk_imports_food,3868.67,GBP_million,ONS_MRET_calibrated,2026-04-10T13:35:40.840857
2021-03-01,uk_imports_food,4077.48,GBP_million,ONS_MRET_calibrated,2026-04-10T13:35:40.840860
2021-04-01,uk_imports_food,4564.3,GBP_million,ONS_MRET_calibrated,2026-04-10T13:35:40.840863
2021-05-01,uk_imports_food,4604.78,GBP_million,ONS_MRET_calibrated,2026-04-10T13:35:40.840867
2021-06-01,uk_imports_food,4493.63,GBP_million,ONS_MRET_calibrated,2026-04-10T13:35:40.840870
2021-07-01,uk_imports_food,4527.08,GBP_million,ONS_MRET_calibrated,2026-04-10T13:35:40.840873
2021-08-01,uk_imports_food,4785.72,GBP_million,ONS_MRET_calibrated,2026-04-10T13:35:40.840876
2021-09-01,uk_imports_food,4395.97,GBP_million,ONS_MRET_calibrated,2026-04-10T13:35:40.840881
2021-10-01,uk_imports_food,4857.43,GBP_million,ONS_MRET_calibrated,2026-04-10T13:35:40.840884
2021-11-01,uk_imports_food,4632.3,GBP_million,ONS_MRET_calibrated,2026-04-10T13:35:40.840888
2021-12-01,uk_imports_food,4266.24,GBP_million,ONS_MRET_calibrated,2026-04-10T13:35:40.840891
2022-01-01,uk_imports_food,4041.02,GBP_million,ONS_MRET_calibrated,2026-04-10T13:35:40.840894
2022-02-01,uk_imports_food,4670.69,GBP_million,ONS_MRET_calibrated,2026-04-10T13:35:40.840897
2022-03-01,uk_imports_food,4552.25,GBP_million,ONS_MRET_calibrated,2026-04-10T13:35:40.840900
2022-04-01,uk_imports_food,4980.48,GBP_million,ONS_MRET_calibrated,2026-04-10T13:35:40.840904
2022-05-01,uk_imports_food,4654.33,GBP_million,ONS_MRET_calibrated,2026-04-10T13:35:40.840907
2022-06-01,uk_imports_food,6175.82,GBP_million,ONS_MRET_calibrated,2026-04-10T13:35:40.840912
2022-07-01,uk_imports_food,6297.89,GBP_million,ONS_MRET_calibrated,2026-04-10T13:35:40.840916
2022-08-01,uk_imports_food,6240.17,GBP_million,ONS_MRET_calibrated,2026-04-10T13:35:40.840919
2022-09-01,uk_imports_food,6017.7,GBP_million,ONS_MRET_calibrated,2026-04-10T13:35:40.840922
2022-10-01,uk_imports_food,6039.39,GBP_million,ONS_MRET_calibrated,2026-04-10T13:35:40.840925
2022-11-01,uk_imports_food,5565.35,GBP_million,ONS_MRET_calibrated,2026-04-10T13:35:40.840928
2022-12-01,uk_imports_food,5603.94,GBP_million,ONS_MRET_calibrated,2026-04-10T13:35:40.840934
2023-01-01,uk_imports_food,5594.43,GBP_million,ONS_MRET_calibrated,2026-04-10T13:35:40.840937
2023-02-01,uk_imports_food,5690.43,GBP_million,ONS_MRET_calibrated,2026-04-10T13:35:40.840940
2023-03-01,uk_imports_food,5821.99,GBP_million,ONS_MRET_calibrated,2026-04-10T13:35:40.840944
2023-04-01,uk_imports_food,5629.06,GBP_million,ONS_MRET_calibrated,2026-04-10T13:35:40.840949
2023-05-01,uk_imports_food,5694.21,GBP_million,ONS_MRET_calibrated,2026-04-10T13:35:40.840952
2023-06-01,uk_imports_food,6300.22,GBP_million,ONS_MRET_calibrated,2026-04-10T13:35:40.840955
2023-07-01,uk_imports_food,6161.47,GBP_million,ONS_MRET_calibrated,2026-04-10T13:35:40.840958
2023-08-01,uk_imports_food,5919.05,GBP_million,ONS_MRET_calibrated,2026-04-10T13:35:40.840961
2023-09-01,uk_imports_food,6216.53,GBP_million,ONS_MRET_calibrated,2026-04-10T13:35:40.840965
2023-10-01,uk_imports_food,5802.49,GBP_million,ONS_MRET_calibrated,2026-04-10T13:35:40.840968
2023-11-01,uk_imports_food,5839.23,GBP_million,ONS_MRET_calibrated,2026-04-10T13:35:40.840971
2023-12-01,uk_imports_food,5525.48,GBP_million,ONS_MRET_calibrated,2026-04-10T13:35:40.840974
2024-01-01,uk_imports_food,5841.09,GBP_million,ONS_MRET_calibrated,2026-04-10T13:35:40.840977
2024-02-01,uk_imports_food,5824.13,GBP_million,ONS_MRET_calibrated,2026-04-10T13:35:40.840981
2024-03-01,uk_imports_food,5571.75,GBP_million,ONS_MRET_calibrated,2026-04-10T13:35:40.840984
2024-04-01,uk_imports_food,5940.76,GBP_million,ONS_MRET_calibrated,2026-04-10T13:35:40.840987
2024-05-01,uk_imports_food,6032.04,GBP_million,ONS_MRET_calibrated,2026-04-10T13:35:40.840990
2024-06-01,uk_imports_food,6272.68,GBP_million,ONS_MRET_calibrated,2026-04-10T13:35:40.840993
2024-07-01,uk_imports_food,5894.1,GBP_million,ONS_MRET_calibrated,2026-04-10T13:35:40.840999
2024-08-01,uk_imports_food,6152.93,GBP_million,ONS_MRET_calibrated,2026-04-10T13:35:40.841002
2024-09-01,uk_imports_food,6112.55,GBP_million,ONS_MRET_calibrated,2026-04-10T13:35:40.841005
2024-10-01,uk_imports_food,5458.39,GBP_million,ONS_MRET_calibrated,2026-04-10T13:35:40.841008
2024-11-01,uk_imports_food,5415.41,GBP_million,ONS_MRET_calibrated,2026-04-10T13:35:40.841012
2024-12-01,uk_imports_food,5155.42,GBP_million,ONS_MRET_calibrated,2026-04-10T13:35:40.841017
2019-01-01,uk_imports_materials,5140.73,GBP_million,ONS_MRET_calibrated,2026-04-10T13:35:40.841156
2019-02-01,uk_imports_materials,5421.45,GBP_million,ONS_MRET_calibrated,2026-04-10T13:35:40.841163
2019-03-01,uk_imports_materials,5750.52,GBP_million,ONS_MRET_calibrated,2026-04-10T13:35:40.841166
2019-04-01,uk_imports_materials,5646.3,GBP_million,ONS_MRET_calibrated,2026-04-10T13:35:40.841170
2019-05-01,uk_imports_materials,6198.3,GBP_million,ONS_MRET_calibrated,2026-04-10T13:35:40.841173
2019-06-01,uk_imports_materials,5692.79,GBP_million,ONS_MRET_calibrated,2026-04-10T13:35:40.841176
2019-07-01,uk_imports_materials,5685.26,GBP_million,ONS_MRET_calibrated,2026-04-10T13:35:40.841179
2019-08-01,uk_imports_materials,6004.19,GBP_million,ONS_MRET_calibrated,2026-04-10T13:35:40.841183
2019-09-01,uk_imports_materials,5964.49,GBP_million,ONS_MRET_calibrated,2026-04-10T13:35:40.841186
2019-10-01,uk_imports_materials,5682.81,GBP_million,ONS_MRET_calibrated,2026-04-10T13:35:40.841189
2019-11-01,uk_imports_materials,5045.16,GBP_million,ONS_MRET_calibrated,2026-04-10T13:35:40.841192
2019-12-01,uk_imports_materials,5343.98,GBP_million,ONS_MRET_calibrated,2026-04-10T13:35:40.841196
2020-01-01,uk_imports_materials,5033.02,GBP_million,ONS_MRET_calibrated,2026-04-10T13:35:40.841199
2020-02-01,uk_imports_materials,5530.92,GBP_million,ONS_MRET_calibrated,2026-04-10T13:35:40.841202
2020-03-01,uk_imports_materials,5620.65,GBP_million,ONS_MRET_calibrated,2026-04-10T13:35:40.841205
2020-04-01,uk_imports_materials,3743.23,GBP_million,ONS_MRET_calibrated,2026-04-10T13:35:40.841208
2020-05-01,uk_imports_materials,4151.77,GBP_million,ONS_MRET_calibrated,2026-04-10T13:35:40.841212
2020-06-01,uk_imports_materials,4286.93,GBP_million,ONS_MRET_calibrated,2026-04-10T13:35:40.841215
2020-07-01,uk_imports_materials,4662.72,GBP_million,ONS_MRET_calibrated,2026-04-10T13:35:40.841220
2020-08-01,uk_imports_materials,4930.61,GBP_million,ONS_MRET_calibrated,2026-04-10T13:35:40.841223
2020-09-01,uk_imports_materials,4449.67,GBP_million,ONS_MRET_calibrated,2026-04-10T13:35:40.841226
2020-10-01,uk_imports_materials,4665.07,GBP_million,ONS_MRET_calibrated,2026-04-10T13:35:40.841230
2020-11-01,uk_imports_materials,4320.66,GBP_million,ONS_MRET_calibrated,2026-04-10T13:35:40.841233
2020-12-01,uk_imports_materials,4195.35,GBP_million,ONS_MRET_calibrated,2026-04-10T13:35:40.841236
2021-01-01,uk_imports_materials,3667.51,GBP_million,ONS_MRET_calibrated,2026-04-10T13:35:40.841239
2021-02-01,uk_imports_materials,3608.66,GBP_million,ONS_MRET_calibrated,2026-04-10T13:35:40.841244
2021-03-01,uk_imports_materials,3948.63,GBP_million,ONS_MRET_calibrated,2026-04-10T13:35:40.841247
2021-04-01,uk_imports_materials,4090.56,GBP_million,ONS_MRET_calibrated,2026-04-10T13:35:40.841251
2021-05-01,uk_imports_materials,5066.26,GBP_million,ONS_MRET_calibrated,2026-04-10T13:35:40.841254
2021-06-01,uk_imports_materials,6964.59,GBP_million,ONS_MRET_calibrated,2026-04-10T13:35:40.841257
2021-07-01,uk_imports_materials,6827.13,GBP_million,ONS_MRET_calibrated,2026-04-10T13:35:40.841260
2021-08-01,uk_imports_materials,6947.03,GBP_million,ONS_MRET_calibrated,2026-04-10T13:35:40.841264
2021-09-01,uk_imports_materials,6703.06,GBP_million,ONS_MRET_calibrated,2026-04-10T13:35:40.841267
2021-10-01,uk_imports_materials,6455.08,GBP_million,ONS_MRET_calibrated,2026-04-10T13:35:40.841270
2021-11-01,uk_imports_materials,6416.35,GBP_million,ONS_MRET_calibrated,2026-04-10T13:35:40.841273
2021-12-01,uk_imports_materials,6280.56,GBP_million,ONS_MRET_calibrated,2026-04-10T13:35:40.841276
2022-01-01,uk_imports_materials,5924.18,GBP_million,ONS_MRET_calibrated,2026-04-10T13:35:40.841279
2022-02-01,uk_imports_materials,5949.8,GBP_million,ONS_MRET_calibrated,2026-04-10T13:35:40.841283
2022-03-01,uk_imports_materials,6145.73,GBP_million,ONS_MRET_calibrated,2026-04-10T13:35:40.841290
2022-04-01,uk_imports_materials,5884.48,GBP_million,ONS_MRET_calibrated,2026-04-10T13:35:40.841293
2022-05-01,uk_imports_materials,6243.47,GBP_million,ONS_MRET_calibrated,2026-04-10T13:35:40.841296
2022-06-01,uk_imports_materials,7011.04,GBP_million,ONS_MRET_calibrated,2026-04-10T13:35:40.841299
2022-07-01,uk_imports_materials,7114.05,GBP_million,ONS_MRET_calibrated,2026-04-10T13:35:40.841303
2022-08-01,uk_imports_materials,6633.11,GBP_million,ONS_MRET_calibrated,2026-04-10T13:35:40.841306
2022-09-01,uk_imports_materials,6658.71,GBP_million,ONS_MRET_calibrated,2026-04-10T13:35:40.841311
2022-10-01,uk_imports_materials,6391.71,GBP_million,ONS_MRET_calibrated,2026-04-10T13:35:40.841314
2022-11-01,uk_imports_materials,6792.92,GBP_million,ONS_MRET_calibrated,2026-04-10T13:35:40.841317
2022-12-01,uk_imports_materials,6208.7,GBP_million,ONS_MRET_calibrated,2026-04-10T13:35:40.841321
2023-01-01,uk_imports_materials,5874.76,GBP_million,ONS_MRET_calibrated,2026-04-10T13:35:40.841324
2023-02-01,uk_imports_materials,5741.21,GBP_million,ONS_MRET_calibrated,2026-04-10T13:35:40.841327
2023-03-01,uk_imports_materials,5740.15,GBP_million,ONS_MRET_calibrated,2026-04-10T13:35:40.841330
2023-04-01,uk_imports_materials,6334.81,GBP_million,ONS_MRET_calibrated,2026-04-10T13:35:40.841333
2023-05-01,uk_imports_materials,6320.85,GBP_million,ONS_MRET_calibrated,2026-04-10T13:35:40.841337
2023-06-01,uk_imports_materials,6318.64,GBP_million,ONS_MRET_calibrated,2026-04-10T13:35:40.841340
2023-07-01,uk_imports_materials,6541.43,GBP_million,ONS_MRET_calibrated,2026-04-10T13:35:40.841343
2023-08-01,uk_imports_materials,6391.31,GBP_million,ONS_MRET_calibrated,2026-04-10T13:35:40.841346
2023-09-01,uk_imports_materials,6853.77,GBP_million,ONS_MRET_calibrated,2026-04-10T13:35:40.841349
2023-10-01,uk_imports_materials,6476.88,GBP_million,ONS_MRET_calibrated,2026-04-10T13:35:40.841355
2023-11-01,uk_imports_materials,6082.03,GBP_million,ONS_MRET_calibrated,2026-04-10T13:35:40.841358
2023-12-01,uk_imports_materials,6264.34,GBP_million,ONS_MRET_calibrated,2026-04-10T13:35:40.841361
2024-01-01,uk_imports_materials,5904.05,GBP_million,ONS_MRET_calibrated,2026-04-10T13:35:40.841364
2024-02-01,uk_imports_materials,5753.47,GBP_million,ONS_MRET_calibrated,2026-04-10T13:35:40.841367
2024-03-01,uk_imports_materials,6427.23,GBP_million,ONS_MRET_calibrated,2026-04-10T13:35:40.841371
2024-04-01,uk_imports_materials,6413.9,GBP_million,ONS_MRET_calibrated,2026-04-10T13:35:40.841374
2024-05-01,uk_imports_materials,6270.74,GBP_million,ONS_MRET_calibrated,2026-04-10T13:35:40.841377
2024-06-01,uk_imports_materials,6607.44,GBP_million,ONS_MRET_calibrated,2026-04-10T13:35:40.841381
2024-07-01,uk_imports_materials,6514.61,GBP_million,ONS_MRET_calibrated,2026-04-10T13:35:40.841384
2024-08-01,uk_imports_materials,6354.12,GBP_million,ONS_MRET_calibrated,2026-04-10T13:35:40.841387
2024-09-01,uk_imports_materials,6720.69,GBP_million,ONS_MRET_calibrated,2026-04-10T13:35:40.841390
2024-10-01,uk_imports_materials,6742.31,GBP_million,ONS_MRET_calibrated,2026-04-10T13:35:40.841393
2024-11-01,uk_imports_materials,5820.16,GBP_million,ONS_MRET_calibrated,2026-04-10T13:35:40.841397
2024-12-01,uk_imports_materials,6111.18,GBP_million,ONS_MRET_calibrated,2026-04-10T13:35:40.841401
2019-01-01,uk_imports_manufactured,16807.21,GBP_million,ONS_MRET_calibrated,2026-04-10T13:35:40.841860
2019-02-01,uk_imports_manufactured,17019.37,GBP_million,ONS_MRET_calibrated,2026-04-10T13:35:40.841868
2019-03-01,uk_imports_manufactured,17319.42,GBP_million,ONS_MRET_calibrated,2026-04-10T13:35:40.841872
2019-04-01,uk_imports_manufactured,17665.2,GBP_million,ONS_MRET_calibrated,2026-04-10T13:35:40.841876
2019-05-01,uk_imports_manufactured,18543.83,GBP_million,ONS_MRET_calibrated,2026-04-10T13:35:40.841879
2019-06-01,uk_imports_manufactured,18495.5,GBP_million,ONS_MRET_calibrated,2026-04-10T13:35:40.841887
2019-07-01,uk_imports_manufactured,19129.71,GBP_million,ONS_MRET_calibrated,2026-04-10T13:35:40.841890
2019-08-01,uk_imports_manufactured,18882.82,GBP_million,ONS_MRET_calibrated,2026-04-10T13:35:40.841894
2019-09-01,uk_imports_manufactured,18486.47,GBP_million,ONS_MRET_calibrated,2026-04-10T13:35:40.841897
2019-10-01,uk_imports_manufactured,17753.6,GBP_million,ONS_MRET_calibrated,2026-04-10T13:35:40.841900
2019-11-01,uk_imports_manufactured,17470.45,GBP_million,ONS_MRET_calibrated,2026-04-10T13:35:40.841903
2019-12-01,uk_imports_manufactured,17758.5,GBP_million,ONS_MRET_calibrated,2026-04-10T13:35:40.841907
2020-01-01,uk_imports_manufactured,17541.41,GBP_million,ONS_MRET_calibrated,2026-04-10T13:35:40.841910
2020-02-01,uk_imports_manufactured,17014.68,GBP_million,ONS_MRET_calibrated,2026-04-10T13:35:40.841913
2020-03-01,uk_imports_manufactured,17846.7,GBP_million,ONS_MRET_calibrated,2026-04-10T13:35:40.841916
2020-04-01,uk_imports_manufactured,14608.12,GBP_million,ONS_MRET_calibrated,2026-04-10T13:35:40.841920
2020-05-01,uk_imports_manufactured,14257.19,GBP_million,ONS_MRET_calibrated,2026-04-10T13:35:40.841923
2020-06-01,uk_imports_manufactured,15852.5,GBP_million,ONS_MRET_calibrated,2026-04-10T13:35:40.841929
2020-07-01,uk_imports_manufactured,15683.48,GBP_million,ONS_MRET_calibrated,2026-04-10T13:35:40.841932
2020-08-01,uk_imports_manufactured,16355.06,GBP_million,ONS_MRET_calibrated,2026-04-10T13:35:40.841936
2020-09-01,uk_imports_manufactured,15647.78,GBP_million,ONS_MRET_calibrated,2026-04-10T13:35:40.841939
2020-10-01,uk_imports_manufactured,14937.62,GBP_million,ONS_MRET_calibrated,2026-04-10T13:35:40.841942
2020-11-01,uk_imports_manufactured,14763.1,GBP_million,ONS_MRET_calibrated,2026-04-10T13:35:40.841945
2020-12-01,uk_imports_manufactured,15371.38,GBP_million,ONS_MRET_calibrated,2026-04-10T13:35:40.841951
2021-01-01,uk_imports_manufactured,14018.51,GBP_million,ONS_MRET_calibrated,2026-04-10T13:35:40.841956
2021-02-01,uk_imports_manufactured,13807.0,GBP_million,ONS_MRET_calibrated,2026-04-10T13:35:40.841959
2021-03-01,uk_imports_manufactured,15012.13,GBP_million,ONS_MRET_calibrated,2026-04-10T13:35:40.841962
2021-04-01,uk_imports_manufactured,14598.83,GBP_million,ONS_MRET_calibrated,2026-04-10T13:35:40.841966
2021-05-01,uk_imports_manufactured,15929.49,GBP_million,ONS_MRET_calibrated,2026-04-10T13:35:40.841969
2021-06-01,uk_imports_manufactured,19397.97,GBP_million,ONS_MRET_calibrated,2026-04-10T13:35:40.841972
2021-07-01,uk_imports_manufactured,19779.31,GBP_million,ONS_MRET_calibrated,2026-04-10T13:35:40.841977
2021-08-01,uk_imports_manufactured,19980.5,GBP_million,ONS_MRET_calibrated,2026-04-10T13:35:40.841980
2021-09-01,uk_imports_manufactured,19247.93,GBP_million,ONS_MRET_calibrated,2026-04-10T13:35:40.841984
2021-10-01,uk_imports_manufactured,19015.93,GBP_million,ONS_MRET_calibrated,2026-04-10T13:35:40.841987
2021-11-01,uk_imports_manufactured,19194.38,GBP_million,ONS_MRET_calibrated,2026-04-10T13:35:40.841990
2021-12-01,uk_imports_manufactured,18154.01,GBP_million,ONS_MRET_calibrated,2026-04-10T13:35:40.841993
2022-01-01,uk_imports_manufactured,18669.66,GBP_million,ONS_MRET_calibrated,2026-04-10T13:35:40.841997
2022-02-01,uk_imports_manufactured,17905.63,GBP_million,ONS_MRET_calibrated,2026-04-10T13:35:40.842000
2022-03-01,uk_imports_manufactured,18981.05,GBP_million,ONS_MRET_calibrated,2026-04-10T13:35:40.842003
2022-04-01,uk_imports_manufactured,19840.1,GBP_million,ONS_MRET_calibrated,2026-04-10T13:35:40.842006
2022-05-01,uk_imports_manufactured,18527.57,GBP_million,ONS_MRET_calibrated,2026-04-10T13:35:40.842010
2022-06-01,uk_imports_manufactured,21608.8,GBP_million,ONS_MRET_calibrated,2026-04-10T13:35:40.842013
2022-07-01,uk_imports_manufactured,22248.16,GBP_million,ONS_MRET_calibrated,2026-04-10T13:35:40.842016
2022-08-01,uk_imports_manufactured,21681.73,GBP_million,ONS_MRET_calibrated,2026-04-10T13:35:40.842019
2022-09-01,uk_imports_manufactured,21520.45,GBP_million,ONS_MRET_calibrated,2026-04-10T13:35:40.842024
2022-10-01,uk_imports_manufactured,20545.8,GBP_million,ONS_MRET_calibrated,2026-04-10T13:35:40.842027
2022-11-01,uk_imports_manufactured,20324.96,GBP_million,ONS_MRET_calibrated,2026-04-10T13:35:40.842031
2022-12-01,uk_imports_manufactured,19809.03,GBP_million,ONS_MRET_calibrated,2026-04-10T13:35:40.842034
2023-01-01,uk_imports_manufactured,20210.49,GBP_million,ONS_MRET_calibrated,2026-04-10T13:35:40.842037
2023-02-01,uk_imports_manufactured,19850.36,GBP_million,ONS_MRET_calibrated,2026-04-10T13:35:40.842040
2023-03-01,uk_imports_manufactured,20151.21,GBP_million,ONS_MRET_calibrated,2026-04-10T13:35:40.842043
2023-04-01,uk_imports_manufactured,20201.5,GBP_million,ONS_MRET_calibrated,2026-04-10T13:35:40.842047
2023-05-01,uk_imports_manufactured,20558.4,GBP_million,ONS_MRET_calibrated,2026-04-10T13:35:40.842050
2023-06-01,uk_imports_manufactured,20856.88,GBP_million,ONS_MRET_calibrated,2026-04-10T13:35:40.842053
2023-07-01,uk_imports_manufactured,21297.08,GBP_million,ONS_MRET_calibrated,2026-04-10T13:35:40.842056
2023-08-01,uk_imports_manufactured,20760.08,GBP_million,ONS_MRET_calibrated,2026-04-10T13:35:40.842060
2023-09-01,uk_imports_manufactured,20703.98,GBP_million,ONS_MRET_calibrated,2026-04-10T13:35:40.842063
2023-10-01,uk_imports_manufactured,21013.83,GBP_million,ONS_MRET_calibrated,2026-04-10T13:35:40.842068
2023-11-01,uk_imports_manufactured,19980.95,GBP_million,ONS_MRET_calibrated,2026-04-10T13:35:40.842071
2023-12-01,uk_imports_manufactured,19074.47,GBP_million,ONS_MRET_calibrated,2026-04-10T13:35:40.842075
2024-01-01,uk_imports_manufactured,19605.34,GBP_million,ONS_MRET_calibrated,2026-04-10T13:35:40.842078
2024-02-01,uk_imports_manufactured,18968.34,GBP_million,ONS_MRET_calibrated,2026-04-10T13:35:40.842081
2024-03-01,uk_imports_manufactured,18533.18,GBP_million,ONS_MRET_calibrated,2026-04-10T13:35:40.842085
2024-04-01,uk_imports_manufactured,19417.87,GBP_million,ONS_MRET_calibrated,2026-04-10T13:35:40.842091
2024-05-01,uk_imports_manufactured,19452.97,GBP_million,ONS_MRET_calibrated,2026-04-10T13:35:40.842094
2024-06-01,uk_imports_manufactured,20441.44,GBP_million,ONS_MRET_calibrated,2026-04-10T13:35:40.842097
2024-07-01,uk_imports_manufactured,20705.84,GBP_million,ONS_MRET_calibrated,2026-04-10T13:35:40.842101
2024-08-01,uk_imports_manufactured,21310.62,GBP_million,ONS_MRET_calibrated,2026-04-10T13:35:40.842104
2024-09-01,uk_imports_manufactured,20354.99,GBP_million,ONS_MRET_calibrated,2026-04-10T13:35:40.842107
2024-10-01,uk_imports_manufactured,19642.09,GBP_million,ONS_MRET_calibrated,2026-04-10T13:35:40.842111
2024-11-01,uk_imports_manufactured,19648.41,GBP_million,ONS_MRET_calibrated,2026-04-10T13:35:40.842114
2024-12-01,uk_imports_manufactured,17936.83,GBP_million,ONS_MRET_calibrated,2026-04-10T13:35:40.842117
